error_position,mean_average_success
E3_after_oracle,0.7998040021929824
E4_after_final_H,0.7998225054824561
E2_after_first_H,0.8000442023026316
E1_before_H,0.8001034813596491
no_error,1.0
