error_position,mean_average_success
E1_before_H,0.7916260729084451
E4_after_final_H,0.7916543022703729
E3_after_oracle,0.791673507228772
E2_after_first_H,0.791696566024977
no_error,1.0
